{"MTK_LG": {"2012_DEV": {"ac": -16.89, "bc": -16.6, "cc": -15.02, "a1": 1.187, "colorCorrection": 1, "a2": -0.0001106, "b1": 1.107, "b2": 0.00063, "b3": -1.842e-06, "c3": -4.41e-08, "c2": 1.637e-06, "c1": 1.174, "a3": 2.528e-07}, "2013_DEV": {"ac": 1.152, "bc": 0.8159, "cc": 3.27, "a1": 1.013, "colorCorrection": 1, "a2": -2.919e-05, "b1": 0.9769, "b2": 0.0002576, "b3": -6.871e-07, "c3": 9.821e-08, "c2": -2.625e-05, "c1": 1.008, "a3": 4.898e-08}, "2013": {"ac": 1.506, "bc": 0.1637, "cc": 2.109, "a1": 0.9821, "colorCorrection": 1, "a2": 0.0001835, "b1": 0.9734, "b2": 0.0002037, "b3": -4.939e-07, "c3": -5.481e-08, "c2": -2.257e-05, "c1": 0.9919, "a3": -5.751e-07}, "2012": {"ac": -16.23, "bc": -18.25, "cc": -15.54, "a1": 1.107, "colorCorrection": 1, "a2": 0.0005591, "b1": 1.127, "b2": 0.000356, "b3": -1.078e-06, "c3": -1.093e-06, "c2": 0.0003996, "c1": 1.115, "a3": -1.682e-06}}, "MTK96": {"*": {"ac": -10.58, "bc": -13.36, "cc": -7.874, "a1": 0.7524, "colorCorrection": 1, "a2": 0.00427, "b1": 0.7655, "b2": 0.004715, "b3": -1.354e-05, "c3": -1.506e-05, "c2": 0.005446, "c1": 0.6627, "a3": -1.167e-05}}}