{
    "MTK96": {
        "*": {
            "a1": 0.7524,
            "a2": 0.00427,
            "a3": -1.167e-05,
            "ac": -10.58,
            "b1": 0.7655,
            "b2": 0.004715,
            "b3": -1.354e-05,
            "bc": -13.36,
            "c1": 0.6627,
            "c2": 0.005446,
            "c3": -1.506e-05,
            "cc": -7.874,
            "colorCorrection": 1
        }
    },
    "MTK_LG": {
        "2012": {
            "a1": 1.107,
            "a2": 0.0005591,
            "a3": -1.682e-06,
            "ac": -16.23,
            "b1": 1.127,
            "b2": 0.000356,
            "b3": -1.078e-06,
            "bc": -18.25,
            "c1": 1.115,
            "c2": 0.0003996,
            "c3": -1.093e-06,
            "cc": -15.54,
            "colorCorrection": 1
        },
        "2012_DEV": {
            "a1": 1.187,
            "a2": -0.0001106,
            "a3": 2.528e-07,
            "ac": -16.89,
            "b1": 1.107,
            "b2": 0.00063,
            "b3": -1.842e-06,
            "bc": -16.6,
            "c1": 1.174,
            "c2": 1.637e-06,
            "c3": -4.41e-08,
            "cc": -15.02,
            "colorCorrection": 1
        },
        "2013": {
            "a1": 0.9821,
            "a2": 0.0001835,
            "a3": -5.751e-07,
            "ac": 1.506,
            "b1": 0.9734,
            "b2": 0.0002037,
            "b3": -4.939e-07,
            "bc": 0.1637,
            "c1": 0.9919,
            "c2": -2.257e-05,
            "c3": -5.481e-08,
            "cc": 2.109,
            "colorCorrection": 1
        },
        "2013_DEV": {
            "a1": 1.013,
            "a2": -2.919e-05,
            "a3": 4.898e-08,
            "ac": 1.152,
            "b1": 0.9769,
            "b2": 0.0002576,
            "b3": -6.871e-07,
            "bc": 0.8159,
            "c1": 1.008,
            "c2": -2.625e-05,
            "c3": 9.821e-08,
            "cc": 3.27,
            "colorCorrection": 1
        }
    }
}
